Company Name,Date,Positive,Neutral,Negative
Seven & i Holdings Co Ltd,2018-11-01,9813,70,3031
Seven & i Holdings Co Ltd,2018-11-02,10891,112,2586
Seven & i Holdings Co Ltd,2018-11-03,11225,39,1936
Seven & i Holdings Co Ltd,2018-11-04,13852,27,1630
Seven & i Holdings Co Ltd,2018-11-05,11281,57,1819
Seven & i Holdings Co Ltd,2018-11-06,10232,53,2128
Seven & i Holdings Co Ltd,2018-11-07,10816,68,2470
Seven & i Holdings Co Ltd,2018-11-08,11308,76,2410
Seven & i Holdings Co Ltd,2018-11-09,10630,51,2561
Seven & i Holdings Co Ltd,2018-11-10,10982,66,2444
Seven & i Holdings Co Ltd,2018-11-11,9746,21,2247
Seven & i Holdings Co Ltd,2018-11-12,9569,84,2552
Seven & i Holdings Co Ltd,2018-11-13,9391,412,3338
Seven & i Holdings Co Ltd,2018-11-14,8868,600,3300
Seven & i Holdings Co Ltd,2018-11-15,8985,26,2732
Seven & i Holdings Co Ltd,2018-11-16,10414,41,3771
Seven & i Holdings Co Ltd,2018-11-17,10270,35,2912
Seven & i Holdings Co Ltd,2018-11-18,8165,35,2924
Seven & i Holdings Co Ltd,2018-11-19,8774,15,2592
Seven & i Holdings Co Ltd,2018-11-20,8618,48,2895
Seven & i Holdings Co Ltd,2018-11-21,8993,47,3159
Seven & i Holdings Co Ltd,2018-11-22,8051,41,2956
Seven & i Holdings Co Ltd,2018-11-23,8896,23,3149
Seven & i Holdings Co Ltd,2018-11-24,8478,20,2701
Seven & i Holdings Co Ltd,2018-11-25,7782,30,2237
Seven & i Holdings Co Ltd,2018-11-26,8188,25,2174
Seven & i Holdings Co Ltd,2018-11-27,7301,426,2761
Seven & i Holdings Co Ltd,2018-11-28,6915,557,3025
Seven & i Holdings Co Ltd,2018-11-29,6820,445,3320
Seven & i Holdings Co Ltd,2018-11-30,8546,33,3456
